"Company ID","Name","Company Domain Name","Website URL","Phone Number","Vertical","Size ","New Tier","Source","LinkedIn Company Page","Lead Status","Lifecycle Stage","Subscription status","Company owner"
"3907013684","Tam Tam Percusion","tamtampercusion.com","tamtampercusion.com"," +34 954 22 59 97","","","","","","","","Lead",""
"3906925941","Gobik","gobik.com","gobik.com"," +34968075006","Sport","","","","https://www.linkedin.com/company/gobik","On prospection","Lead","Lead","Guillermo Oller"
"3906839034","Moda Clique Barcelona","modaclique.es","modaclique.es"," +34 932 69 49 16","Sport","","","","https://www.linkedin.com/company/9217950","On prospection","Lead","Lead","Guillermo Oller"
"3906744569","CIDAUT","cidaut.com","cidaut.com","","Sport","","","","https://www.linkedin.com/company/111633","New","Lead","Lead","Guillermo Oller"
"3906756123","BM SPORTECH","bmsportech.es","bmsportech.es","","Sport","","","","https://www.linkedin.com/company/bm-sportech/","On prospection","Lead","Lead","Guillermo Oller"
"3906744570","TwoNav","twonav.com","twonav.com","937938054","Sport","","","","https://www.linkedin.com/company/twonav/","On prospection","Lead","Lead","Guillermo Oller"
"3906915572","SKI MARKET","skimarket.es","skimarket.es"," +34 915 766 884","Sport","","","","https://www.linkedin.com/company/594877","On prospection","Lead","Lead","Guillermo Oller"
"3906925942","TRADEINN","tradeinn.com","tradeinn.com","34 972 75 50 62","Sport","","","","https://www.linkedin.com/company/2346965","On prospection","Lead","Lead","Guillermo Oller"
"3906791709","Basket Revolution","basketrevolution.es","basketrevolution.es"," +34 914 156 366","Sport","","","","https://www.linkedin.com/company/basket-revolution-sa/","On prospection","Lead","Lead","Guillermo Oller"
"3906744568","LASTON RED S.L.","lastonred.com","lastonred.com"," +34 915150323","Sport","","","","https://www.linkedin.com/company/profitness-century-s-l/","On prospection","Lead","Lead","Guillermo Oller"
"3906926995","Best Kiteboarding","bestkiteboarding.com","bestkiteboarding.com"," +1 561-243-3737","Sport","","","","https://www.linkedin.com/company/1310551","On prospection","Lead","Lead","Guillermo Oller"
"3906924566","progym.es","progym.es","progym.es","","Sport","","","","https://www.linkedin.com/company/10241699","On prospection","Lead","Lead","Guillermo Oller"
"3906912732","Orca","orca.com","orca.com","6495230820","Sport","","","","https://www.linkedin.com/company/3829863","On prospection","Lead","Lead","Guillermo Oller"
"3907013803","Pinol Vepahi SL","pinol.es","pinol.es"," +34 918542453","Sport","","","","https://www.linkedin.com/company/10328817","On prospection","Lead","Lead","Guillermo Oller"
"3906955801","Pierce AB","pierce-ecom.com","pierce-ecom.com","46 86 05 38 80","Sport","","","","https://www.linkedin.com/company/3247947","On prospection","Lead","Lead","Guillermo Oller"
"3906938233","New Balance","newbalance.com","newbalance.com"," +1 617-783-4000","Sport","","","","https://www.linkedin.com/company/8274","On prospection","Lead","Lead","Guillermo Oller"
"3906915573","Market Integra","fytter.com","fytter.com","","Sport","","","","https://www.linkedin.com/company/9434855","On prospection","Lead","Lead","Guillermo Oller"
"3906973821","N1 GOALKEEPER GLOVES","n1goalkeeper.com","n1goalkeeper.com"," +34 634 23 29 90","Sport","","","","https://www.linkedin.com/company/15213950","On prospection","Lead","Lead","Guillermo Oller"
"3907013802","MAD-SPORT","mad-sport.com","mad-sport.com"," +34 976126344","Sport","","","","https://www.linkedin.com/company/2419524","On prospection","Lead","Lead","Guillermo Oller"
"3906912733","Luanvi","luanvi.es","luanvi.es"," +34 963056001","Sport","","","","https://www.linkedin.com/company/10014756","On prospection","Lead","Lead","Guillermo Oller"
"3906917646","MEGA SPORT S.A","megasport.es","megasport.es"," +34 934751420","Sport","","","","https://www.linkedin.com/company/10942424","On prospection","Lead","Lead","Guillermo Oller"
"3906926994","IberianSportech","iberiansportech.com","iberiansportech.com","","Sport","","","","https://www.linkedin.com/company/35524692","New","Lead","Lead","Guillermo Oller"
"3907026279","Intersport España","intersport.es","intersport.es"," +34 935918949","Sport","","","","https://www.linkedin.com/company/2313804","Nurturing","Lead","Lead","Guillermo Oller"
"3906635688","Correos","correos.com","correos.com"," +34 902 19 71 97","","","","","https://www.linkedin.com/company/correos","","","Lead","Ezequiel Lacabanne"
"3905987697","robincolletion.com","robincolletion.com","robincolletion.com","","","","","","","","","Lead","Ezequiel Lacabanne"
"3898692630","upcotm.com","upcotm.com","upcotm.com","","","","Tier 3","","","On prospection","","Lead","Guillermo Oller"
"3895867445","Manawa Consulting","manawac.co.uk","manawac.co.uk"," +34 672 07 92 61","","","","","https://www.linkedin.com/company/manawa-consulting","","","","Ezequiel Lacabanne"
"3891079354","TIPSA","tip-sa.com","tip-sa.com"," +34 902 10 10 47","","","","","https://www.linkedin.com/company/tipsa","","","Lead","Ezequiel Lacabanne"
"3888637574","greenduu.com","greenduu.com","greenduu.com","","","","Tier 3","","","Qualified","","Lead","Guillermo Oller"
"3887506820","Birchbox Inc.","birchbox.com","birchbox.com"," +1 877-487-7272","","","","","https://www.linkedin.com/company/birchbox","","","Lead","Ramon Cuñat"
"3885244634","sannasbcn.com","sannasbcn.com","sannasbcn.com","","","","Tier 3","","","Discarded","","Lead","Guillermo Oller"
"3884985857","vwgproservice.es","vwgproservice.es","vwgproservice.es","","","","","","","","","Lead",""
"3872696682","cashthecloset.com","cashthecloset.com","cashthecloset.com","610857046","","","","","","Qualified","Opportunity","","Guillermo Oller"
"3871433100","Mercaimpex SL","mercaimpex.com","mercaimpex.com"," +34 917866230","","","","","https://www.linkedin.com/company/mercaimpex-sl","Discarded","","Lead","Guillermo Oller"
"3867606283","flormoments.com","flormoments.com","flormoments.com","","","","Tier 3","","","Qualified","Opportunity","Lead","Guillermo Oller"
"3863694158","CELERITAS","celeritastransporte.com","celeritastransporte.com","34 916 74 62 97","","","","","https://www.linkedin.com/company/celeritas","","","Lead","Ezequiel Lacabanne"
"3863459734","skylinesoftheworld.com","skylinesoftheworld.com","skylinesoftheworld.com","","","","","","","Discarded","","Lead","Guillermo Oller"
"3860103442","buro43.com","buro43.com","buro43.com","","","","","","","","","Trial",""
"3860009406","Patry Jordan","patryjordan.com","patryjordan.com","","","","Tier 3","","","Qualified","","Lead","Guillermo Oller"
"3856148389","gexterno.es","gexterno.es","gexterno.es","","","","","","","","","Lead","Ezequiel Lacabanne"
"3855851593","freak´s Grooming","freaksgrooming.com","freaksgrooming.com"," +34669885038","","","","","","Qualified","Opportunity","Lead","Joan Rovira"
"3855827789","hangargenuino.com","hangargenuino.com","hangargenuino.com","","","","","","","Qualified","Opportunity","Lead","Joan Rovira"
"3845704886","dasilvatrading.es","dasilvatrading.es","dasilvatrading.es","","","","","","","Qualified","","Lead","Guillermo Oller"
"3843818709","Pikolinos","pikolinos.com","pikolinos.com","34 965 68 12 34","","","","","https://www.linkedin.com/company/pikolinos","","","Lead","Ramon Cuñat"
"3840236992","Daniel Espig","danielespig.com","danielespig.com","","Fashion & Footwear","","Tier 3","Inbound","","Discarded","Customer","Canceled","Joan Rovira"
"3840172852","Mondial Relay","mondialrelay.fr","mondialrelay.fr","33320201723","","","","","https://www.linkedin.com/company/mondial-relay","Contacted","","Lead","Ezequiel Lacabanne"
"3840019130","Floraqueen","www.floraqueen.es","be.green"," +34 902 21 04 01","","","Tier 3","Outbound","https://www.linkedin.com/company/floraqueen","Qualified","Opportunity","Trial","Guillermo Oller"
"3839988510","Euncet","euncet.es","euncet.es"," +34 935 476 066","","","","","https://www.linkedin.com/company/euncet","Contacted","","Lead","Ezequiel Lacabanne"
"3831196831","aleyole.com","aleyole.com","aleyole.com","","","","","","","Contacted","","Lead","Guillermo Oller"
"3837847438","Crowdence","crowdence.com","crowdence.com"," +34 668 89 64 20","","","","","https://www.linkedin.com/company/crowdence","","","Lead","Ramon Cuñat"
"3827787686","kumucleaning.com","kumucleaning.com","kumucleaning.com","","","","","","","Qualified","","Trial","Guillermo Oller"
"3826294979","Ejove Laboratory","ejove.com","ejove.com","34928262289","","","Tier 3","","","Discarded","","Lead","Guillermo Oller"
"3796684196","rainbow-go.com","rainbow-go.com","rainbow-go.com","","","","","","","","","Trial",""
"3796139670","Tendam","tendam.es","tendam.es","34 91 387 34 27","","","","","https://www.linkedin.com/company/tendam","","","Lead","Ramon Cuñat"
"3796061384","FactorLibre","factorlibre.com","factorlibre.com"," +34 912 60 67 70","","","","","https://www.linkedin.com/company/factor-libre-soluciones-tecnol-gicas-","","","Lead",""
"3796071218","Bronkey","bronkey.com","bronkey.com","","","","","","","","","Lead",""
"3794168747","ITEM International","itemint.com","itemint.com"," +34 935886231","","","","","https://www.linkedin.com/company/item-international-s.a","","Opportunity","Lead","Guillermo Oller"
"3791652765","B&B Trends","bbtrends.es","bbtrends.es"," +34 902 99 70 53","Consumer Electronics","","Tier 2","Inbound","https://www.linkedin.com/company/b&b-trends-s.l.-daga-","Nurturing","Opportunity","Lead","Guillermo Oller"
"3707554603","Druni","druni.es","druni.es","0034 627434194","Fashion & Footwear","","Tier 2","Outbound","https://www.linkedin.com/company/druni-sa","Nurturing","Lead","Lead","Guillermo Oller"
"3706323817","Espuma a Medida","espumaamedida.com","espumaamedida.com","","","","","Outbound","","Discarded","Lead","Lead","Guillermo Oller"
"3705563964","Photobox","photobox.com","photobox.com","0044 3448543366","","","","Outbound","https://www.linkedin.com/company/photobox","Discarded","Lead","Lead","Guillermo Oller"
"3706561145","RO-BOTICA","ro-botica.com","ro-botica.com","0034 934143581","","","","Outbound","https://www.linkedin.com/company/ro-botica-global-s.l.","Discarded","Lead","Lead","Guillermo Oller"
"3705087091","Imaginarium","imaginarium.es","imaginarium.es","0034 976200264","Childcare","","Tier 2","Outbound","https://www.linkedin.com/company/imaginarium","New","Lead","Lead","Ramon Cuñat"
"3707306981","D. Franklin","dfranklincreation.com","dfranklincreation.com","0034 965 06 36 18","","","","Outbound","https://www.linkedin.com/company/dfranklinofcl","New","Lead","Lead","Ramon Cuñat"
"3702611367","Avarcas Menorquinas","avarcas.com","avarcas.com","0034 679578162","","< 1000","","Outbound","https://www.linkedin.com/company/avarcas-menorquinas","On prospection","Lead","Lead","Ramon Cuñat"
"3707554587","3nutritionpro","3nutritionpro.com","3nutritionpro.com","","","< 1000","","Outbound","","Nurturing","Lead","Lead","Guillermo Oller"
"3705087096","Lékué","lekue.com","lekue.com","0034 935742640","","","","Outbound","https://www.linkedin.com/company/l-ku-","On prospection","Lead","Lead","Guillermo Oller"
"3704831372","Miscota","bilua.com","bilua.com"," +34 933 96 71 72","","> 20K","","Outbound","","New","Lead","Lead","Ramon Cuñat"
"3705329363","Outletmoto.com","outletmoto.com","Outletmoto.com"," +34 935 025 144","","< 1000","","Outbound","https://www.linkedin.com/company/outlet-moto","New","Lead","Lead","Ramon Cuñat"
"3706323643","Lacasatextil.es","lacasatextil.es","Lacasatextil.es","0034 675726099","","","","Outbound","","New","Lead","","Ramon Cuñat"
"3706323638","Barrabes.com","barrabes.com","Barrabes.com","0034 626789261","","","","Outbound","https://www.linkedin.com/company/barrabes-ski-monta%C3%B1a-slu","New","Lead","","Ramon Cuñat"
"3706323640","Proclinic","proclinic.es","proclinic.es","0034 93 264 96 66","Pharma","","Tier 2","Outbound","https://www.linkedin.com/company/proclinic-s-a-","Nurturing","Lead","Lead","Guillermo Oller"
"3703094862","Mascota Planet","mascotaplanet.com","mascotaplanet.com","0034 952820999","Pets","","","Outbound","","Nurturing","Lead","Lead","Guillermo Oller"
"3704616438","Denatural","denatural.es","denatural.es","","","< 1000","","Outbound","https://www.linkedin.com/company/denatural-es","New","Lead","Lead","Ramon Cuñat"
"3703094687","Octilus","octilus.com","octilus.com","0034 911875712","","","","Outbound","https://www.linkedin.com/company/grupo-octilus","New","Lead","Lead","Ramon Cuñat"
"3704831368","P D Paola","pdpaola.com","pdpaola.com","0034 626319397","","< 1000","","Outbound","https://www.linkedin.com/company/p-d-paola","Nurturing","Lead","Lead","Ramon Cuñat"
"3697980144","Intropia","intropia.com","intropia.com","","Fashion & Footwear","","Tier 2","Outbound","https://www.linkedin.com/company/hoss-intropia","Discarded","Lead","Lead","Guillermo Oller"
"3705329360","Pampling","pampling.com","pampling.com","0034 971 577 024","","","","Outbound","https://www.linkedin.com/company/pampling-com","Discarded","Lead","Lead","Guillermo Oller"
"3703593629","The Brubaker","thebrubaker.com","thebrubaker.com","0034 91 011 27 13","","","","Outbound","https://www.linkedin.com/company/the-brubaker","Nurturing","Lead","Lead","Guillermo Oller"
"3702611441","Don Disfraz","dondisfraz.com","dondisfraz.com"," +34986092420","","> 20K","","Outbound","","Nurturing","Lead","Lead","Guillermo Oller"
"3705563963","Pepebar","due-effe.com","due-effe.com","","","","","Outbound","https://www.linkedin.com/company/due-effe","New","Lead","Lead","Ramon Cuñat"
"3697980130","Bulevip","bulevip.com","bulevip.com","0034 911309808","","> 20K","","Outbound","https://www.linkedin.com/company/bulevip-com","New","Lead","Lead","Ramon Cuñat"
"3704121488","Mi tienda de Arte","mitiendadearte.com","mitiendadearte.com","0034 987261113","Furniture","","","Outbound","https://www.linkedin.com/company/mi-tienda-de-arte","New","Lead","Lead","Ramon Cuñat"
"3703593622","Refruiting","refruiting.com","refruiting.com","0034 931 41 63 60","","","","Outbound","https://www.linkedin.com/company/refruiting","New","Lead","Lead","Ramon Cuñat"
"3704831385","Singularu","singularu.com","singularu.com","0034 900 80 45 33","","","","Outbound","https://www.linkedin.com/company/singularu","Contacted","Lead","Lead","Guillermo Oller"
"3707794552","Adolfo Dominguez","adolfodominguez.com","adolfodominguez.com","0034 988398705","Fashion & Footwear","","Tier 2","Outbound","https://www.linkedin.com/company/adolfo-dominguez-s-a-","On prospection","Lead","Lead","Guillermo Oller"
"3703593631","Abacus Coop","abacus.coop","abacus.coop","0034 932 17 81 66","Consumer Goods","","Tier 2","Outbound","https://www.linkedin.com/company/abacus-cooperativa","Discarded","Lead","Lead","Guillermo Oller"
"3707554590","Mascoteros","mascoteros.com","mascoteros.com","","","","","Outbound","https://www.linkedin.com/company/mascoteros","New","Lead","Lead","Ramon Cuñat"
"3707794549","Menorquinas Popa","menorquinaspopa.com","menorquinaspopa.com","","Fashion & Footwear","","","Outbound","","New","Lead","Lead","Ramon Cuñat"
"3707554583","Parfois","parfois.com","parfois.com","0035 1252331377","Jewelry","","Tier 2","Outbound","https://www.linkedin.com/company/parfois","Discarded","Lead","Lead","Ramon Cuñat"
"3705823182","K-tuin","k-tuin.com","k-tuin.com","0034 902 40 44 05","","","","Outbound","https://www.linkedin.com/company/k-tuin-sistemas-inform-ticos","Discarded","Lead","Lead","Ramon Cuñat"
"3707794553","Bimba y Lola","bimbaylola.com","bimbaylola.com","0034 976 236 909","Fashion & Footwear","","Tier 1","Outbound","https://www.linkedin.com/company/bimbaylola","Discarded","Lead","Lead","Ramon Cuñat"
"3704831369","Dos de Arte","dosdearte.com","dosdearte.com","0034 934948396","Furniture","< 1000","","Outbound","https://www.linkedin.com/company/libros-dosde-publishing","Discarded","Lead","Lead","Guillermo Oller"
"3704831364","Jimmy Lion","jimmylion.com","jimmylion.com","","","< 1000","","Outbound","https://www.linkedin.com/company/jimmy-lion","Nurturing","Lead","Lead","Guillermo Oller"
"3705329361","Mam Originals","mamoriginals.com","mamoriginals.com","0034 930171686","","< 1000","","Outbound","https://www.linkedin.com/company/mamoriginals","Discarded","Lead","Lead","Ramon Cuñat"
"3705563957","Party Fiesta","partyfiesta.com","partyfiesta.com","0034 932640934","","","","Outbound","https://www.linkedin.com/company/party-fiesta","Discarded","Lead","Lead","Ramon Cuñat"
"3703342296","Silbon","silbon.es","silbon.es","0034 976 115 002","","> 20K","Tier 1","Outbound","https://www.linkedin.com/company/silbon","Nurturing","Lead","Lead","Guillermo Oller"
"3706075390","Saint-Gobain","saint-gobain.com","saint-gobain.com","0033 147623000","Automotive","","Tier 2","Outbound","https://www.linkedin.com/company/saint-gobain","Nurturing","Lead","Lead","Guillermo Oller"
"3704121414","Tuandco.com","tuandco.com","tuandco.com","0034 617360827","","","","Outbound","https://www.linkedin.com/company/tuandco-s-l","New","Lead","Lead","Ramon Cuñat"
"3703824489","500 Cosmetics","grupomercantis.com","grupomercantis.com","0034 620545823","Cosmetics","< 1000","","Outbound","https://www.linkedin.com/company/grupo-mercantis","New","Lead","Lead","Ramon Cuñat"
"3703824479","We Are Knitters","weareknitters.com","weareknitters.com","0034 913 99 47 31","","","","Outbound","https://www.linkedin.com/company/we-are-knitters","Engaged","Lead","Lead","Ramon Cuñat"
"3703094685","Toy Planet","toyplanet.es","toyplanet.es","0034 914 46 91 33","","","","Outbound","","Discarded","Lead","Lead","Ramon Cuñat"
"3704121403","Valentina Brand","latiendadevalentina.com","latiendadevalentina.com","","","","","Outbound","","Discarded","Lead","Lead","Ramon Cuñat"
"3705563966","Camper","camper.com","camper.com","0034 971 88 81 01","","","","Outbound","https://www.linkedin.com/company/camper","Nurturing","Lead","Lead","Guillermo Oller"
"3703342307","Infowork Technology","infowork.es","infowork.es","0034 902 500 568","Consumer Electronics","","Tier 2","Outbound","https://www.linkedin.com/company/infowork-tecnology","Nurturing","Lead","Lead","Guillermo Oller"
"3705823172","IKEA","ingka.ikea.com","ingka.ikea.com","0034 6108340180","","","","Outbound","https://www.linkedin.com/company/ikea-group","Nurturing","Lead","Lead","Guillermo Oller"
"3707306908","Farmaciasdirect","miotrafarmacia.com","miotrafarmacia.com","0034 902090752","Pharma","","","Outbound","https://www.linkedin.com/company/farmaciasdirect","On prospection","Lead","Lead","Guillermo Oller"
"3702611354","Grupo Cortefiel","grupocortefiel.com","grupocortefiel.com","0034 91 387 34 27","Fashion & Footwear","> 20K","","Outbound","https://www.linkedin.com/company/tendam","Engaged","Lead","Lead","Guillermo Oller"
"3697980132","Muroexe","muroexe.com","muroexe.com","0034 910 46 83 83","Fashion & Footwear","","Tier 2","Outbound","https://www.linkedin.com/company/muro-exe","Nurturing","Lead","Lead","Ramon Cuñat"
"3707794547","Deporvillage","deporvillage.com","deporvillage.com","0034 617 37 93 79","Sport","> 20K","","Outbound","https://www.linkedin.com/company/deporvillage","Qualified","Sales Qualified Lead","Lead","Ramon Cuñat"
"3706323636","Naturseed","naturseed.com","naturseed.com","","","","","Outbound","","Nurturing","Lead","Lead","Guillermo Oller"
"3704353693","Farmacia Barata","farmaciabarata.es","farmaciabarata.es","","Pharma","","","Outbound","https://www.linkedin.com/company/farmaciabarata-es","Nurturing","Lead","Lead","Guillermo Oller"
"3707794567","Douglas Spain","grupobodybell.com","grupobodybell.com","","","","","Outbound","https://www.linkedin.com/company/douglas-spain-s-a-","New","Lead","","Ramon Cuñat"
"3704616433","Microfusa","microfusatienda.com","microfusatienda.com","","","","","Outbound","https://www.linkedin.com/company/microfusa","New","Lead","Lead","Ramon Cuñat"
"3706561137","EfectoLED","efectoled.com","efectoled.com","","","","","Outbound","https://www.linkedin.com/company/grupo-efectoled","Discarded","Lead","Lead","Ramon Cuñat"
"3463083298","Dale Carnegie & Associates Inc.","dalecarnegie.es","dalecarnegie.es","","","","","","https://www.linkedin.com/company/dale-carnegie-training","","","Lead","Ricard Bea"
"3436000828","MayoraStudio","mayorastudio.com","mayorastudio.com","","","","","","","Discarded","","Lead","Guillermo Oller"
"3434654426","sdafactory.com","sdafactory.com","sdafactory.com","","","","Tier 3","","","Contacted","","Lead","Guillermo Oller"
"3431801913","Ruben Lozano","rubenlozano.me","rubenlozano.me","","","","","","https://www.linkedin.com/company/ruben-lozano-me","","","",""
"3431803561","Namerific LLC","doe.com","doe.com","8089716922","","","","","https://www.linkedin.com/company/namerific","","","",""
"3421357139","Vibrashop","vibrashop.es","vibrashop.es","910 23 45 23","","","","","","","Lead","Lead","Ramon Cuñat"
"3419983987","Comansi","comansi.es","comansi.es","933 364 653","","","","","","","","","Guillermo Oller"
"3419969720","Comansi","comansi.com","comansi.com","34 933 36 46 53","","","","","","Discarded","","Lead","Guillermo Oller"
"3414641511","GLS Spain","gls-spain.es","gls-spain.es","34 90 211 33 00","","","","","https://www.linkedin.com/company/gls-spain","","","Lead","Ezequiel Lacabanne"
"3413669406","Paack Holdings Ltd.","paack.co","paack.co","","","","","","https://www.linkedin.com/company/paack-holdings-ltd-","","","Lead","Ezequiel Lacabanne"
"3413391006","Deportes Moya","deportesmoya.com","deportesmoya.com"," +34 914333030","","","","","https://www.linkedin.com/company/deportes-moya","","","Lead","Ramon Cuñat"
"3411933359","Soy.es","soy.es","soy.es"," +34 965689221","","","","","https://www.linkedin.com/company/nicripsia-internet","","","Lead",""
"3411719427","beeasy.es","beeasy.es","beeasy.es","","","","","","","Discarded","","Lead","Guillermo Oller"
"3410799845","jade-botanics.eu","jade-botanics.eu","jade-botanics.eu","","","","","","","","","Trial",""
"3407730501","David Williams-Ellis","dwe.com","dwe.com"," +44 1608 683900","","","","","","","","Lead",""
"3407651624","SEUR","seur.net","seur.net"," +34 958402288","","","","","","","","Lead","Ezequiel Lacabanne"
"3407599142","eComm360","ecomm360.es","ecomm360.es"," +34 933 903 137","","","","","https://www.linkedin.com/company/ecomm360-s-l","","","Trial",""
"3407334324","MyBlackAnchor","myblackanchor.com","myblackanchor.com","","","","","","","","Opportunity","Lead","Guillermo Oller"
"3407302901","FLAMINGO","Flamingosun.com","Flamingosun.com"," +1 956-607-3031","","","","","https://www.linkedin.com/company/flamingosunglasses","","Opportunity","Lead","Guillermo Oller"
"3407259534","Planeta Huerto","planetahuerto.es","planetahuerto.es"," +34 966 37 11 30","","","","","https://www.linkedin.com/company/planeta-huerto","","Customer","Active","Guillermo Oller"
"3401560375","Kiabi","Kiabi.es","Kiabi.es"," +33 359314847","","","","","","","Opportunity","","Guillermo Oller"
"3401345499","onpart.es","onpart.es","onpart.es","","","","","","","Discarded","","Lead","Guillermo Oller"
"3396325110","indrinks.com.ar","indrinks.com.ar","indrinks.com.ar","","","","","","","Discarded","","Lead","Guillermo Oller"
"3396328363","Hannun","hannun.com","hannun.com","0034 667340333","","","","Outbound","https://www.linkedin.com/company/hannun","Nurturing","Opportunity","Lead","Guillermo Oller"
"3394507171","Ternua Group","ternuagroup.com","ternuagroup.com","","","","","","https://www.linkedin.com/company/ternua-group","","Opportunity","Lead","Guillermo Oller"
"3393703674","eShopWorld","eshopworld.com","eshopworld.com","888-407-2590","","","","","https://www.linkedin.com/company/eshopworld","","","Lead","Ezequiel Lacabanne"
"3388249506","T4XI","t4xi.com","t4xi.com","(+34) 934 675 052","","","","","https://www.linkedin.com/company/t4xi","","","",""
"3384927333","SprayPlanet","sprayplanet.es","sprayplanet.es","","","","","","","","","Lead","Ramon Cuñat"
"3384915174","Gioseppo","gioseppo.com","gioseppo.com"," +34 963 106 424","","","","","https://www.linkedin.com/company/gioseppo","Contacted","","Lead","Guillermo Oller"
"3384410587","UNOTEC","tec1.es","tec1.es"," +34 913588282","","","","","https://www.linkedin.com/company/tech1","","","Lead","Ramon Cuñat"
"3384391868","Massana","massana.es","massana.es"," +34 937569270","","","","","https://www.linkedin.com/company/centrotextilmassana","","","Lead","Ramon Cuñat"
"3384364340","KOROSHI GROUP","koroshi.tv","koroshi.tv"," +34 937984446","","","","","https://www.linkedin.com/company/koroshi-group","","","Lead","Ramon Cuñat"
"3384358031","almaceneshermosilla.com","almaceneshermosilla.com","almaceneshermosilla.com","","","","","","","","","Lead","Ramon Cuñat"
"3384339277","Material Estetica","materialestetica.com","materialestetica.com"," +34 972 109 109","","","","","https://www.linkedin.com/company/material-estetica","","Opportunity","Lead","Guillermo Oller"
"3384306259","Delivera Express","delivera.com","delivera.com","8669159465","","","","","https://www.linkedin.com/company/delivera-express","","","",""
"3383932412","SCALPERS","scalperscompany.com","scalperscompany.com","","","","","","https://www.linkedin.com/company/scalpers","","","Lead","Guillermo Oller"
"3383411090","LUXENTER","luxenter.com","luxenter.com"," +34 914110691","","","","","https://www.linkedin.com/company/luxenter","Qualified","Opportunity","Lead","Guillermo Oller"
"3383018560","EDeusto","edeusto.es","edeusto.es"," +34 944 35 61 61","","","","","","Nurturing","","Lead","Guillermo Oller"
"3382331946","Outlet PC","outlet-pc.es","outlet-pc.es"," +34 933 17 04 46","","","","","https://www.linkedin.com/company/barebone-sl","","","Active",""
"3380483247","benito","benito.com","benito.com","34 93 852 10 00","","","","","https://www.linkedin.com/company/benito-urban","","","Lead","Guillermo Oller"
"3380474191","carandell.com","carandell.com","carandell.com","","","","","","","","","","Guillermo Oller"
"3380428032","DABA","daba.es","daba.es","","","","","","https://www.linkedin.com/company/daba-s-a-","","","Lead","Ramon Cuñat"
"3380352969","Estrella Galicia","estrellagalicia.es","estrellagalicia.es"," +34 952 38 89 11","Food & drinks","","Tier 1","Outbound","http://linkedin.com/company/hijos-de-rivera-inversiones-corporativas-s.l.","Qualified","Sales Qualified Lead","Lead","Joan Rovira"
"3376164698","royalbronze.com","royalbronze.com","royalbronze.com","","","","","","","Discarded","","Lead","Guillermo Oller"
"3371575543","SERDYMA SOLUCIONES SL","serdyma.com","serdyma.com","34 916214007","","","","","","","","Lead","Guillermo Oller"
"3370294674","Imprex Europe S.L.","imprexeurope.com","imprexeurope.com"," +34 916421979","","","","","https://www.linkedin.com/company/imprex-europe-s.l.","","Opportunity","Lead","Guillermo Oller"
"3366568642","Endado","endado.com","endado.com","0034 916 61 02 06","","> 20K","","Outbound","https://www.linkedin.com/company/endado-com","Discarded","Opportunity","Lead","Guillermo Oller"
"3366516197","BUFF","buff.com","buff.com","","","","","","https://www.linkedin.com/company/original-buff-s-a-","Qualified","Opportunity","Lead","Guillermo Oller"
"3365749995","lacasadelasgorras.com","lacasadelasgorras.com","lacasadelasgorras.com","","","","","","","","","Lead","Ramon Cuñat"
"3366249579","fitnessdigital","fitnessdigital.com","www.fitnessdigital.com"," +34 945011043","Sport","","Tier 2","Outbound","https://www.linkedin.com/company/fitnessdigital.com","Qualified","Opportunity","Lead","Joan Rovira"
"3364413887","Alohas Sandals","alohassandals.com","alohassandals.com"," +34 935 25 42 77","","","","","https://www.linkedin.com/company/alohas-sandals","Qualified","Opportunity","Lead","Guillermo Oller"
"3363960486","Friki","friki.es","friki.es"," +34 943 42 59 62","","","","","","","","Active",""
"3363959263","Zeleris","zeleris.com","zeleris.com","34 902 16 26 46","","","","","https://www.linkedin.com/company/zeleris","","","Lead",""
"3363955633","Enrique Tomás","enriquetomas.com","enriquetomas.com","34 933 83 84 85","","","","","https://www.linkedin.com/company/enrique-tomas","","","Active",""
"3362055427","NADIPRANA SL","zumononi.com","zumononi.com"," +34 977610578","","","","","","","","Active",""
"3359097220","comprarcarnegallega.es","comprarcarnegallega.es","comprarcarnegallega.es","","","","","","","","Opportunity","Trial","Pia Alva (Deactivated User)"
"3357560282","TURYELECTRO GALICIA, S.L.","turyelectro.com","turyelectro.com"," +34 986339556","","","","","","","","Lead","Ramon Cuñat"
"3357554956","PrestaQuality","prestaquality.com","prestaquality.com","","","","","","","","","Lead","Ezequiel Lacabanne"
"3356541415","Endado","Endado.es","Endado.es","","Automotive","","Tier 1","Outbound","https://www.linkedin.com/company/endado-com","","Lead","Lead","Guillermo Oller"
"3356502272","VENCA","venca.es","venca.es"," +34 938 140 909","Fashion & Footwear","","Tier 1","Outbound","https://www.linkedin.com/company/venca_2","Qualified","Sales Qualified Lead","Lead","Joan Rovira"
"3353855056","hillnapper.com","hillnapper.com","hillnapper.com","","","","","","","","","Lead",""
"3351685973","Kriim Natural Cosmetics","kriim.com","kriim.com","","","","Tier 3","","https://www.linkedin.com/company/kriim-natural-cosmetics","","Opportunity","Lead","Guillermo Oller"
"3351774281","paceways.com","paceways.com","paceways.com","","Food & drinks","","Tier 3","Inbound","","Discarded","Sales Qualified Lead","Trial","Joan Rovira"
"3351023952","MagneticNotes.es","magneticnotes.es","magneticnotes.es","","","","","","","Nurturing","Lead","Lead","Guillermo Oller"
"3350997361","mellerware.com","mellerware.com","mellerware.com","","","","","","","","Opportunity","Trial","Guillermo Oller"
"3350993464","Pharmacius.com","pharmacius.com","pharmacius.com"," +34 966 37 49 01","","","","","","","","Lead","Ramon Cuñat"
"3350760612","deliverea.com","deliverea.com","deliverea.com","93 763 66 66","","","","","https://www.linkedin.com/company/deliverea-com","New","","Trial",""
"3050995926","difusionpower.com","difusionpower.com","difusionpower.com","","Furniture","","Tier 2","Outbound","","","Opportunity","Lead","Guillermo Oller"
"3003858387","San Rafael 1940","","","","","","","","","Qualified","Customer","Past due","Guillermo Oller"
"2854027182","dellafuentefc.com","dellafuentefc.com","dellafuentefc.com","","","","","","","Qualified","Customer","Active","Guillermo Oller"
"2850543467","La Tele Producciones","lateleproducciones.com","lateleproducciones.com","","","","","","","Qualified","Customer","Active","Pia Alva (Deactivated User)"
"2829385308","egstore.es","egstore.es","egstore.es","","","","","","","","Customer","Past due","Pia Alva (Deactivated User)"
"2698286623","Boxcarserv","Boxcarserv.es","Boxcarserv.es","","","","","","","","Customer","Trial","Guillermo Oller"
"2621402152","rubiuscorp.com","rubiuscorp.com","rubiuscorp.com","","","","","","","","Customer","Past due","Pia Alva (Deactivated User)"
"2620890949","loweoriginal.com","loweoriginal.com","loweoriginal.com","","","","","","","","Customer","Past due","Guillermo Oller"
"2606420856","willyrex.com","willyrex.com","willyrex.com","","","","","","","Qualified","Customer","Past due","Pia Alva (Deactivated User)"
"2598286348","uno51.com","uno51.com","uno51.com","","","","","","","","Customer","Past due","Pia Alva (Deactivated User)"
"2594064495","Nadiprana","propolisnatural.es","propolisnatural.es"," +34 977 61 05 78","","","","","","","Customer","Active","Guillermo Oller"
"2560163264","Shoe terapia","shoeterapia.com","shoeterapia.com","","","","","","","","Customer","Canceled","Pia Alva (Deactivated User)"
"2558327309","byaffya.com","byaffya.com","byaffya.com","","Fashion & Footwear","","Tier 3","","","Qualified","Customer","Active","Pia Alva (Deactivated User)"
"2557357907","Pharmex Advanced Laboratories S.L.","pharmex.es","pharmex.es","","Pharma","","Tier 2","Outbound","https://www.linkedin.com/company/pharmex-advanced-laboratories-s-l","","Opportunity","Trial","Pia Alva (Deactivated User)"
"2493220807","OutletPC","outlet-pc.cat","outlet-pc.cat","","","","","","","","Customer","Active","Guillermo Oller"
"2487484059","Pressing","pressing.es","pressing.es"," +34 934 44 14 14","Miscelania","","Tier 2","Outbound","https://www.linkedin.com/company/pressing-impresi%C3%B3-digital","Nurturing","Opportunity","Lead","Guillermo Oller"
"2481926510","MIsako","misako.com","misako.com","34 93 770 86 28","Fashion & Footwear","","Tier 2","Outbound","https://www.linkedin.com/company/misako--frag-comercio-internacional-sl-","","Opportunity","Lead","Ramon Cuñat"
"2480546271","Novatilu","novatilu.com","novatilu.com"," +34 961 40 10 00","Furniture","","Tier 2","Inbound","https://www.linkedin.com/company/novatilu","","Opportunity","Lead","Guillermo Oller"
"2453670871","El espacio de Rubén","","","","","","","","","","Customer","Canceled","Pia Alva (Deactivated User)"
"2428756091","Farmacias.com","farmacias.com","farmacias.com","34 601 65 59 51","","","","","https://www.linkedin.com/company/farmacias.com","","Opportunity","Trial","Guillermo Oller"
"2425453604","Dufry Group","dufry.com","dufry.com","","Consumer Goods","","Tier 2","Outbound","https://www.linkedin.com/company/dufry","Engaged","Opportunity","Lead","Guillermo Oller"
"2421698360","SEAT","seat.es","seat.es","34 93 708 58 85","","","","","https://www.linkedin.com/company/seat-sa","","Opportunity","Trial","Pia Alva (Deactivated User)"
"2415888473","All Swim","all-swim.com","all-swim.com"," +34 620 15 58 80","","","","","https://www.linkedin.com/company/all-swim","Qualified","Customer","Canceled","Guillermo Oller"
"2414132113","reflectshades.com","reflectshades.com","reflectshades.com","","","","","","","Qualified","Customer","Canceled","Pia Alva (Deactivated User)"
"2383722079","StrawberryNet","strawberrynet.com","strawberrynet.com","852 2591 0300","","","","","https://www.linkedin.com/company/strawberrynet","Qualified","Customer","Canceled","Pia Alva (Deactivated User)"
"2322310937","consuelastore.com","consuelastore.com","consuelastore.com","","","","","","","Qualified","Customer","Canceled","Pia Alva (Deactivated User)"
"2257153527","Autentics Atmosfera Sport","autentics.com","autentics.com","","","","","","","","Customer","Canceled","Guillermo Oller"
"2244258513","Bergé Automoción","bergeauto.com","byr-retail-logistics.com","34 915 21 65 72","Automotive","","Tier 1","Inbound","https://www.linkedin.com/company/berg-automoci-n-s.l.","","Opportunity","Lead","Joan Rovira"
"2243935443","Printsome","printsome.com","printsome.com","44 20 3598 2599","","","","","https://www.linkedin.com/company/printsome","Qualified","Customer","Past due","Guillermo Oller"
"2095818128","The Hundred Shoes","thehundredshoes.com","thehundredshoes.com","","","","","","","Qualified","Customer","Active","Pia Alva (Deactivated User)"
"2084606172","Secury Zone","securyzone.es","securyzone.es","","","","","","","","Customer","Canceled","Pia Alva (Deactivated User)"
"2084467679","blancabarcelona.com","blancabarcelona.com","blancabarcelona.com","","","","","","","Qualified","Customer","Active","Pia Alva (Deactivated User)"
"1957018292","botikarium.com","botikarium.com","botikarium.com","","","","","","","Qualified","Customer","Active","Pia Alva (Deactivated User)"
"1933361006","Saigu Cosmetics","saigucosmetics.com","saigucosmetics.com","","","","","","https://www.linkedin.com/company/saigu-cosmetics","Qualified","Customer","Active","Pia Alva (Deactivated User)"
"1901483017","Minicoton","minicoton.com","minicoton.com","","","","","","","Qualified","Customer","Active","Pia Alva (Deactivated User)"
"1853553969","mariapascual.com","mariapascual.com","mariapascual.com","","","","","","","","Customer","Active",""
"1846568689","eccocar","eccocar.com","eccocar.com"," +34 902 848 548","","","","","https://www.linkedin.com/company/eccocar","Qualified","Customer","Canceled","Pia Alva (Deactivated User)"
"1818333640","Mr Broc","mrbroc.com","mrbroc.com","","","","","","https://www.linkedin.com/company/mr-broc","","Customer","Active","Pia Alva (Deactivated User)"
"1783628476","ex-gr.com","ex-gr.com","ex-gr.com","","","","","","","Qualified","Customer","Active","Pia Alva (Deactivated User)"
"1770403732","Autentics Atmosfera Sport","autentics.es","autentics.es","","","","","","","","Customer","Active","Pia Alva (Deactivated User)"
"1744842445","Andreu Xarcuteria i Tastets","andreu.shop","andreu.shop"," +34 937 20 50 99","","","","","https://www.linkedin.com/company/andreu-xarcuteria-i-tastets","","Customer","Active",""
"1732172294","BAUHAUS","bauhaus.es","bauhaus.es","93 223 04 41","Pets","","Tier 2","Outbound","https://www.linkedin.com/company/bauhaus-espa%c3%b1a","","Opportunity","Lead","Guillermo Oller"
"1662930058","Foodinthebox","foodinthebox.es","foodinthebox.es","91 721 92 77","","","","","https://www.linkedin.com/company/foodinthebox","Qualified","Customer","Active","Pia Alva (Deactivated User)"
"1422082418","efectolrd.com","efectolrd.com","efectolrd.com","","Consumer Electronics","","Tier 2","Outbound","","","Opportunity","Lead","Guillermo Oller"
"1185697159","AROMAKERN","","","","","","","","","","Customer","","Guillermo Oller"
"1186275692","sisen.es","sisen.es","sisen.es","","","","","","","Qualified","Customer","Active","Guillermo Oller"
"1160075399","Cofares","cofares.es","cofares.es","34 90 252 29 99","Pharma","","Tier 2","Outbound","http://www.linkedin.com/company/113156","","Opportunity","Lead","Guillermo Oller"
"1053862626","tresfarma.es","tresfarma.es","tresfarma.es","","","","","","","Qualified","Customer","Canceled","Pia Alva (Deactivated User)"
"1038877194","manicura.es","manicura.es","manicura.es","","","","","","","","Customer","Active","Guillermo Oller"
"1029840613","Essence","essence-grp.com","essence-grp.com","","Consumer Electronics","","Tier 2","Outbound","https://www.linkedin.com/company/essence-group","","Opportunity","Lead","Guillermo Oller"
"1016457617","Juvasa","grupojuvasa.com","grupojuvasa.com","","","","","","https://www.linkedin.com/company/juvasa","Qualified","Customer","Canceled","Guillermo Oller"
"996307042","Casa Viva","casaviva.com","casaviva.com","","Furniture","","Tier 2","Outbound","https://www.linkedin.com/company/casaviva","Qualified","Opportunity","Lead","Joan Rovira"
"994650804","SKFK","skfk.eu","skfk.eu","","","","","","","","Customer","Active","Technical Support (Deactivated User)"
"976234260","Dos Farma","dosfarma.es","dosfarma.es","","Pharma","","Tier 2","Outbound","https://www.linkedin.com/company/dosfarma","","Opportunity","Lead","Guillermo Oller"
"945042033","lacomet.com","lacomet.com","lacomet.com","","","","","","","Qualified","Customer","Canceled","Guillermo Oller"
"943389929","eseoese","eseoese.com","eseoese.com"," +34 933 635 174","","","","","https://www.linkedin.com/company/ese-o-ese","Qualified","Customer","Active","Guillermo Oller"
"918685157","Totto","totto.com","totto.com","","Fashion & Footwear","","Tier 2","Outbound","https://www.linkedin.com/company/nalsani","","Opportunity","Lead","Guillermo Oller"
"895862717","Manicura24","manicura24.com","manicura24.com","","","","","","","Qualified","Customer","Active","Gio de deliverea (Deactivated User)"
"885736706","INDUKERN","indukern.es","indukern.es","34 93 506 91 00","","","","","https://www.linkedin.com/company/indukern-s.a.","Qualified","Customer","Active","Guillermo Oller"
"871843508","Manicura24","manicura24.es","manicura24.es","","","","","","","","Customer","Active","Guillermo Oller"
"872125660","alfilstep.net","alfilstep.net","alfilstep.net","","Food & drinks","","Tier 2","Inbound","","","Customer","Active","Joan Rovira"
"869853077","Laboratoires Grand Fontaine","grandfontaine.eu","grandfontaine.eu","","","","","","https://www.linkedin.com/company/laboratoires-grand-fontaine","Qualified","Customer","Active","Guillermo Oller"
"859855859","Alice in Beautyland","aliceinbeautyland.com","aliceinbeautyland.com","","","","","","https://www.linkedin.com/company/alice-in-beautyland","Qualified","Customer","Canceled","Guillermo Oller"
"845522040","Citytime","citytime.es","citytime.es","34 91 490 47 20","Jewelry","","Tier 2","Outbound","https://www.linkedin.com/company/citytime-s-l-","","Opportunity","Lead","Guillermo Oller"
"845413841","Taurus ES","taurus.es","taurus.es","","Consumer Electronics","","Tier 2","Outbound","","","Opportunity","Lead","Guillermo Oller"
"842002143","Dyson","dyson.com","dyson.com","312-469-5950","Consumer Goods","","Tier 2","Outbound","https://www.linkedin.com/company/dyson","","Opportunity","Lead","Guillermo Oller"
"834245370","Ametller Origen","ametllerorigen.cat","ametllerorigen.cat","","Food & drinks","","Tier 2","Outbound","https://www.linkedin.com/company/grup-ametller-origen","","Opportunity","Lead","Guillermo Oller"
"808025926","2capitanes.es","2capitanes.es","2capitanes.es","","","","","","","","Customer","Canceled","Guillermo Oller"
"802216871","zooplus AG","zooplus.com","zooplus.com"," +49 8 921129211","Pets","","Tier 1","Outbound","https://www.linkedin.com/company/zooplus-ag","","Opportunity","Lead","Joan Rovira"
"802215424","Privalia","privalia.com","privalia.com","","Jewelry","","Tier 1","Inbound","https://www.linkedin.com/company/privalia","","Opportunity","Lead","Joan Rovira"
"801933234","Foodinthebox","foodinthebox.com","foodinthebox.com","91 721 92 77","","","","","https://www.linkedin.com/company/foodinthebox","","Customer","Active","Guillermo Oller"
"802405624","Robin Collection","robincollection.com","robincollection.com","","","","","","","","Customer","Active","Guillermo Oller"
"801933140","Camaloon","camaloon.com","camaloon.com","","Fashion & Footwear","","Tier 2","Outbound","https://www.linkedin.com/company/camaloon","Qualified","Customer","Past due","Joan Rovira"
"801932196","Moddo.com","moddo.com","moddo.com","34 91 434 08 90","Fashion & Footwear","","Tier 1","Outbound","https://www.linkedin.com/company/moddo-com","","Subscriber","Lead","Joan Rovira"
"800193025","onefootshop","onefootshop.com","onefootshop.com","34625135619","","","","","","Qualified","Customer","Active","Guillermo Oller"
"793135640","Codorniu","codorniu.com","codorniu.com","34 93 818 32 32","Food & drinks","","Tier 3","Outbound","","Qualified","Sales Qualified Lead","Lead","Joan Rovira"
"791487979","SCALPERS","scalpers.es","scalpers.es"," +34 944 416 422","Fashion & Footwear","","Tier 2","Outbound","https://www.linkedin.com/company/scalpers","","Opportunity","Lead","Guillermo Oller"
"791487900","Small Affaire","smallaffaire.com","smallaffaire.com","","","","","","","Qualified","Customer","Canceled","Pia Alva (Deactivated User)"
"791123320","forum sport","forumsport.es","forumsport.es","34 944 26 48 30","Sport","","Tier 2","Outbound","https://www.linkedin.com/company/forum-sport-s-a-","","Opportunity","Lead","Guillermo Oller"
"791123281","Majorica","majorica.com","majorica.com","34 93 270 36 60","Jewelry","","Tier 2","Outbound","https://www.linkedin.com/company/majorica","","Opportunity","Lead","Guillermo Oller"
"791272790","SES Derma","sesderma.com","sesderma.com","34 961 41 42 35","Cosmetics","","Tier 2","Outbound","https://www.linkedin.com/company/laboratorios-sesderma","Qualified","Opportunity","Lead","Joan Rovira"
"791123220","Sprinter Megacentros Del Deporte, S.L.","sprinter.es","sprinter.es","34 966 61 00 31","Sport","","Tier 1","Outbound","http://www.linkedin.com/company/983668","","Opportunity","Lead","Guillermo Oller"
"791123219","gruposuavinex.com","gruposuavinex.com","gruposuavinex.com","","Childcare","","Tier 2","Outbound","","Qualified","Opportunity","Lead","Guillermo Oller"
"791272719","Alpargatas S.A.","alpargatas.com","alpargatas.com"," +34 914009288","Fashion & Footwear","","Tier 2","Outbound","https://www.linkedin.com/company/alpargatas","","Opportunity","Lead","Guillermo Oller"
"791487835","Pikolin","pikolin.com","pikolin.com","34 976 30 00 30","Furniture","","Tier 2","Outbound","https://www.linkedin.com/company/pikolin","","Opportunity","Lead","Guillermo Oller"
"791486709","Powerplanetonline","powerplanetonline.com","powerplanetonline.com","902 930 882","","","","","","","Customer","Active","Guillermo Oller"
"791271663","Lia Swimwear","liaswimwear.com","liaswimwear.com","","","","","","https://www.linkedin.com/company/lia-swimwear","","Opportunity","Trial","Guillermo Oller"
"791271662","Nespresso","nespresso.com","nespresso.com","","Fashion & Footwear","","Tier 2","Outbound","https://www.linkedin.com/company/nestl-nespresso","","Opportunity","Lead","Guillermo Oller"
"791271631","Enspirar","enspirar.es","enspirar.es"," +34937127018","","","","","","Qualified","Customer","Canceled","Guillermo Oller"
"791121470","FloraQueen","floraqueen.com","floraqueen.com"," +34 902 21 04 01","Gardening","","Tier 2","Outbound","https://www.linkedin.com/company/floraqueen","Qualified","Opportunity","Lead","Guillermo Oller"
"791270615","Visionario","visionarioshop.com","visionarioshop.com","","","","","","","Qualified","Customer","Active","Pia Alva (Deactivated User)"
"791270598","Skunkfunk","skunkfunk.com","skunkfunk.com","","","","","","https://www.linkedin.com/company/skunkfunk","Qualified","Customer","Active","Guillermo Oller"
"791482032","Merkal Calzados","merkal.com","merkal.com","","Fashion & Footwear","","Tier 2","Outbound","https://www.linkedin.com/company/merkal-calzados","","Customer","Active","Guillermo Oller"
"791258697","Zacaris","zacaris.com","zacaris.com"," +34902107057","","","Tier 2","","","","Opportunity","Lead","Guillermo Oller"
"791104860","todocoleccion","todocoleccion.net","todocoleccion.net","","Miscelania","","Tier 2","Outbound","https://www.linkedin.com/company/filkasol","","Opportunity","Lead","Guillermo Oller"
"791471605","Some Curious Games","thecuriosityshop.es","thecuriosityshop.es"," +34 930 08 45 86","","","","","","Qualified","Customer","Canceled","Guillermo Oller"
"791258681","La Casa de las Carcasas","lacasadelascarcasas.es","lacasadelascarcasas.es"," +34 927 17 02 87","Consumer Electronics","","Tier 2","Outbound","https://www.linkedin.com/company/la-casa-de-las-carcasas","Qualified","Opportunity","Trial","Guillermo Oller"
"791258676","Kiwoko","kiwoko.com","kiwoko.com","34 914 85 55 52","Pets","","Tier 1","Outbound","https://www.linkedin.com/company/kiwoko","Qualified","Opportunity","Lead","Joan Rovira"
"791471470","Inercia","inercia.com","inercia.com"," +34934869256","","","","","https://www.linkedin.com/company/inercia","Qualified","Customer","Active","Guillermo Oller"
"791258659","Inditex","inditex.com","inditex.com"," +34609739468","Fashion & Footwear","","Tier 1","Outbound","https://www.linkedin.com/company/inditex","Qualified","Opportunity","Lead","Joan Rovira"
"791258624","Establiments MIRO","miro.es","miro.es","34 902 26 42 65","Consumer Electronics","","Tier 2","Outbound","https://www.linkedin.com/company/establiments-miro","","Opportunity","Lead","Guillermo Oller"
"791258613","El Ganso","elganso.com","elganso.com"," +34 976 221 397","Fashion & Footwear","","Tier 2","Outbound","https://www.linkedin.com/company/el-ganso","Qualified","Opportunity","Lead","Guillermo Oller"
"791104741","El corte Ingles","elcorteingles.es","elcorteingles.es","34 914 02 17 12","Consumer Goods","","Tier 1","Outbound","https://www.linkedin.com/company/elcorteingles","Qualified","Customer","Active","Joan Rovira"
"791258608","Dulceida","dulceidashop.com","dulceweekend.com"," +34655868433","","","","","","","Customer","Active","Guillermo Oller"
"791471440","Desssliza3","desssliza3.com","desssliza3.com"," +34968270718","","","","","","","Customer","Lead","Guillermo Oller"
"791471415","CASCO ANTIGUO","cascoantiguo.com","cascoantiguo.com"," +34911510255","Sport","","Tier 2","Outbound","https://www.linkedin.com/company/casco-antiguo-comercial-s.l.","","Opportunity","Lead","Guillermo Oller"
"791471385","ANDREU","andreu.cat","andreu.cat"," +34937205099","","","","","https://www.linkedin.com/company/andreu-xarcuteria-i-tastets","","Customer","Active","Guillermo Oller"
"789007140","kuikmeal","kuikmeal.com","kuikmeal.com","","","","","","https://www.linkedin.com/company/kuikmeal","Qualified","Customer","Canceled","Guillermo Oller"
"789815805","La Tienda del Apicultor","latiendadelapicultor.com","latiendadelapicultor.com","671818658","","","","","https://www.linkedin.com/company/la-tienda-del-apicultor","Qualified","Customer","Active","Guillermo Oller"
"784113888","Verdecora","verdecora.es","verdecora.com"," +34 916 895 841","","","","","https://www.linkedin.com/company/verdecora---cimodin-s-a-","Qualified","Customer","Active","Gio de deliverea (Deactivated User)"
"783746735","Textura Interiors","textura-interiors.com","textura-interiors.com","34 90 230 56 30","Furniture","","Tier 2","Outbound","https://www.linkedin.com/company/textil-textura-s-l-","Qualified","Opportunity","Lead","Joan Rovira"
"3284696006","Carrefour","carrefour.es","https://www.carrefour.es/","34 914 90 89 00","Consumer Goods","","Tier 1","Outbound","https://www.linkedin.com/company/carrefoures","Qualified","Opportunity","Lead","Joan Rovira"
"782877462","Energy Sistem","energysistem.com","energysistem.com"," +34 902388388","Consumer Electronics","","Tier 2","Outbound","https://www.linkedin.com/company/energy-sistem","Qualified","Opportunity","Lead","Guillermo Oller"
"782450275","Pc Componentes","pccomponentes.com","pccomponentes.com"," +34 807 405 797","Consumer Electronics","","Tier 1","Outbound","https://www.linkedin.com/company/pccomponentes","Qualified","Opportunity","Trial","Joan Rovira"
"780854268","Padel Nuestro","padelnuestro.es","padelnuestro.es"," +34 968 897 293","Sport","","Tier 2","Outbound","https://www.linkedin.com/company/sport-club-padel-nuestro-s-l","","Opportunity","Lead","Guillermo Oller"
"780886080","Maria Pascual","maria-pascual.com","maria-pascual.com","","","","","","","Qualified","Customer","Active","Pia Alva (Deactivated User)"
"780810506","Juguetilandia","juguetilandia.es","juguetilandia.es"," +34 968 330 668","Childcare","","Tier 2","Outbound","https://www.linkedin.com/company/juguetilandia","","Opportunity","Lead","Guillermo Oller"
"780349210","Drim","drim.es","drim.es"," +34 934 206 382","Toy Store","","Tier 2","Outbound","https://www.linkedin.com/company/drim-es","Qualified","Customer","Active","Joan Rovira"
"777006489","DECATHLON","decathlon.com","decathlon.es","","Sport","","Tier 1","Outbound","https://www.linkedin.com/company/decathlonusa","Qualified","Opportunity","Lead","Guillermo Oller"
"771231591","Alfil Logistics","alfillogistics.com","alfillogistics.com"," +344934821952","Food & drinks","","Tier 2","Outbound","https://www.linkedin.com/company/alfil-logistics","","Customer","Active","Joan Rovira"
"765389715","Smartfooding","smartfooding.com","smartfooding.com","","","","","","https://www.linkedin.com/company/smartfooding","Qualified","Customer","Active","Pia Alva (Deactivated User)"
"763195141","PRIVEVILLAGE, S,L","castaner.com","castaner.com"," +34636513498","Fashion & Footwear","","Tier 2","Outbound","https://www.linkedin.com/company/casta-er","","Customer","Active","Joan Rovira"
"759700497","Comefruta.com","comefruta.es","comefruta.es"," +34609078982","","","","","https://www.linkedin.com/company/comefruta-internet-s-l-","Qualified","Customer","Active","Pia Alva (Deactivated User)"
"755819643","VOLKSWAGEN","volkswagengroup.es","volkswagengroup.es"," +34670912578","","","","","","","Customer","Canceled","Guillermo Oller"
"754571057","Macnificos","macnificos.com","macnificos.com"," +34931122033","","","","","https://www.linkedin.com/company/macnificos-com","","Customer","Active","Guillermo Oller"
"753701153","Volkswagen","volkswagen.es","volkswagen.es"," +34 673 43 40 60","Automotive","","Tier 1","Outbound","https://www.linkedin.com/company/volkswagen-espa-a","","Customer","Canceled","Joan Rovira"
"752947660","volkswagengroup.es","proservice.volkswagengroup.es","proservice.volkswagengroup.es","","Automotive","","Tier 1","Outbound","","","Customer","Canceled","Joan Rovira"
"748830681","Leroy Merlin España S.L.U.","leroymerlin.es","ext.leroymerlin.es","34 91 749 60 00","Miscelania","","Tier 2","Outbound","https://www.linkedin.com/company/leroy-merlin","Qualified","Opportunity","Lead","Joan Rovira"
